client_id,nom,prenom,email,telephone,inscription,vip
1000,Simon,Nicolas,nicolas.simon@email.com,0633436229,2023-07-12,False
1001,Roux,Laura,laura.roux@email.com,0660864862,2024-02-20,True
1002,Michel,David,david.michel@email.com,0650820440,2022-10-09,False
1003,Bernard,Clara,clara.bernard@email.com,0663122620,2023-05-30,True
1004,Bernard,Clara,clara.bernard@email.com,0635238528,2022-08-22,True
1005,Durand,Paul,paul.durand@email.com,0617614100,2022-12-11,True
1006,Roux,Marc,marc.roux@email.com,0634413144,2024-06-01,True
1007,Martin,Paul,paul.martin@email.com,0682045476,2022-07-12,False
1008,Bernard,Emma,emma.bernard@email.com,0652548848,2023-11-06,True
1009,Simon,Jean,jean.simon@email.com,0612863277,2023-11-23,False
1010,Simon,Clara,clara.simon@email.com,0642781593,2023-03-02,True
1011,Michel,Alice,alice.michel@email.com,0663685637,2024-02-04,False
1012,Morel,Laura,laura.morel@email.com,0618831838,2023-03-23,True
1013,Leroy,Jean,jean.leroy@email.com,0654872056,2022-07-18,True
1014,Martin,Laura,laura.martin@email.com,0639611697,2022-10-23,False
1015,Morel,Alice,alice.morel@email.com,0681788824,2024-06-22,False
1016,Michel,Paul,paul.michel@email.com,0655844078,2024-05-09,False
1017,Durand,Emma,emma.durand@email.com,0660278990,2024-03-22,True
1018,Simon,Emma,emma.simon@email.com,0690860350,2024-07-15,True
1019,Morel,Laura,laura.morel@email.com,0699009024,2023-04-24,True
1020,Bernard,Alice,alice.bernard@email.com,0630293482,2022-07-03,False
1021,Simon,Marc,marc.simon@email.com,0694870725,2023-12-24,True
1022,Leroy,Clara,clara.leroy@email.com,0658119513,2024-05-20,False
1023,Michel,David,david.michel@email.com,0691042544,2024-06-23,True
1024,Roux,Emma,emma.roux@email.com,0621707331,2024-01-01,False
1025,Michel,Jean,jean.michel@email.com,0617290963,2024-04-18,False
1026,Bernard,Marc,marc.bernard@email.com,0667040970,2023-01-20,False
1027,Durand,Paul,paul.durand@email.com,0643277141,2024-02-11,True
1028,Morel,Sophie,sophie.morel@email.com,0616518571,2023-04-01,True
1029,Dupont,David,david.dupont@email.com,0652811793,2024-10-08,False
1030,Roux,Jean,jean.roux@email.com,0640194429,2023-10-31,True
1031,Simon,Jean,jean.simon@email.com,0692272448,2024-06-04,True
1032,Dupont,Alice,alice.dupont@email.com,0659847351,2023-12-26,False
1033,Martin,Marc,marc.martin@email.com,0661916207,2023-05-09,False
1034,Roux,Marc,marc.roux@email.com,0644643931,2022-07-28,True
1035,Bernard,Nicolas,nicolas.bernard@email.com,0689217685,2024-03-01,False
1036,Leroy,Emma,emma.leroy@email.com,0666537567,2023-01-24,True
1037,Lemoine,David,david.lemoine@email.com,0694190835,2024-09-29,False
1038,Michel,Clara,clara.michel@email.com,0639663923,2023-05-11,True
1039,Michel,Sophie,sophie.michel@email.com,0683430632,2024-04-27,False
1040,Durand,Sophie,sophie.durand@email.com,0640735856,2023-10-09,False
1041,Martin,Emma,emma.martin@email.com,0619517436,2024-05-16,False
1042,Bernard,Laura,laura.bernard@email.com,0639843746,2024-11-28,False
1043,Roux,Jean,jean.roux@email.com,0653045283,2022-10-31,True
1044,Leroy,Emma,emma.leroy@email.com,0691376951,2023-11-10,False
1045,Lemoine,Laura,laura.lemoine@email.com,0648737404,2023-05-07,True
1046,Lemoine,Marc,marc.lemoine@email.com,0653053638,2024-10-30,True
1047,Roux,Clara,clara.roux@email.com,0667221889,2022-09-23,False
1048,Lemoine,Jean,jean.lemoine@email.com,0617574681,2024-08-26,False
1049,Leroy,Jean,jean.leroy@email.com,0674113992,2024-01-03,False
1050,Morel,David,david.morel@email.com,0660174145,2023-06-27,False
1051,Leroy,Nicolas,nicolas.leroy@email.com,0666397161,2023-03-21,True
1052,Morel,Marc,marc.morel@email.com,0668314756,2024-02-04,True
1053,Durand,Nicolas,nicolas.durand@email.com,0620450314,2022-06-28,False
1054,Simon,Nicolas,nicolas.simon@email.com,0692359868,2024-07-14,False
1055,Lemoine,Clara,clara.lemoine@email.com,0688698978,2024-12-08,True
1056,Dupont,Marc,marc.dupont@email.com,0622150293,2024-01-31,False
1057,Simon,Jean,jean.simon@email.com,0687401256,2024-09-16,True
1058,Bernard,Nicolas,nicolas.bernard@email.com,0631087353,2024-06-07,True
1059,Morel,Paul,paul.morel@email.com,0677829808,2023-09-17,True
1060,Leroy,Sophie,sophie.leroy@email.com,0668433021,2024-06-02,False
1061,Dupont,David,david.dupont@email.com,0649644306,2022-11-25,False
1062,Roux,Laura,laura.roux@email.com,0672064828,2023-05-02,True
1063,Dupont,Paul,paul.dupont@email.com,0645621275,2024-02-03,False
1064,Simon,Emma,emma.simon@email.com,0669213250,2024-06-12,False
1065,Leroy,Marc,marc.leroy@email.com,0691069374,2024-02-23,True
1066,Dupont,Nicolas,nicolas.dupont@email.com,0645717623,2024-10-17,False
1067,Durand,Emma,emma.durand@email.com,0620785830,2024-07-16,True
1068,Martin,Emma,emma.martin@email.com,0621476736,2023-04-03,False
1069,Bernard,Sophie,sophie.bernard@email.com,0685654205,2023-10-20,False
1070,Michel,Sophie,sophie.michel@email.com,0625433920,2023-10-23,False
1071,Dupont,Laura,laura.dupont@email.com,0622029978,2023-01-01,False
1072,Michel,Laura,laura.michel@email.com,0622607116,2024-08-30,True
1073,Roux,Laura,laura.roux@email.com,0666848582,2022-10-19,False
1074,Bernard,David,david.bernard@email.com,0687097615,2024-08-19,True
1075,Morel,Laura,laura.morel@email.com,0624457858,2022-09-18,False
1076,Lemoine,Laura,laura.lemoine@email.com,0681282872,2023-11-07,False
1077,Leroy,Paul,paul.leroy@email.com,0688747849,2023-01-15,True
1078,Martin,Laura,laura.martin@email.com,0639594206,2024-10-03,True
1079,Martin,Laura,laura.martin@email.com,0628441067,2022-05-16,False
1080,Dupont,Sophie,sophie.dupont@email.com,0690583485,2024-09-05,True
1081,Martin,Alice,alice.martin@email.com,0670536100,2025-01-06,True
1082,Lemoine,Nicolas,nicolas.lemoine@email.com,0684712353,2024-01-26,True
1083,Leroy,Clara,clara.leroy@email.com,0616732703,2023-02-01,True
1084,Michel,Emma,emma.michel@email.com,0661713817,2024-01-25,False
1085,Leroy,Emma,emma.leroy@email.com,0687421546,2022-09-02,True
1086,Bernard,Alice,alice.bernard@email.com,0645602651,2022-07-24,True
1087,Michel,Nicolas,nicolas.michel@email.com,0624774977,2022-08-06,True
1088,Lemoine,Jean,jean.lemoine@email.com,0660169449,2022-09-30,False
1089,Lemoine,David,david.lemoine@email.com,0613056693,2024-06-18,False
1090,Bernard,Alice,alice.bernard@email.com,0617714117,2022-06-12,True
1091,Dupont,Sophie,sophie.dupont@email.com,0693355013,2024-03-22,True
1092,Durand,Sophie,sophie.durand@email.com,0652740381,2023-06-22,True
1093,Michel,Emma,emma.michel@email.com,0638218707,2022-10-15,False
1094,Michel,Marc,marc.michel@email.com,0637785336,2022-08-13,True
1095,Roux,Emma,emma.roux@email.com,0621739170,2023-04-16,False
1096,Bernard,Jean,jean.bernard@email.com,0643170756,2024-04-10,False
1097,Dupont,Nicolas,nicolas.dupont@email.com,0635674303,2023-03-18,True
1098,Leroy,Marc,marc.leroy@email.com,0688038614,2022-09-07,False
1099,Leroy,Emma,emma.leroy@email.com,0671620519,2022-11-07,False
1100,Bernard,Nicolas,nicolas.bernard@email.com,0691508275,2024-04-13,True
1101,Leroy,Clara,clara.leroy@email.com,0652256776,2024-01-27,False
1102,Morel,David,david.morel@email.com,0637053886,2023-02-22,False
1103,Martin,Emma,emma.martin@email.com,0682834842,2022-11-23,False
1104,Lemoine,Laura,laura.lemoine@email.com,0665102763,2024-02-12,False
1105,Simon,Nicolas,nicolas.simon@email.com,0616238716,2024-03-11,True
1106,Dupont,Paul,paul.dupont@email.com,0631996347,2023-03-10,True
1107,Durand,Laura,laura.durand@email.com,0610911829,2024-08-01,False
1108,Dupont,David,david.dupont@email.com,0659253109,2022-12-23,False
1109,Lemoine,Jean,jean.lemoine@email.com,0655945232,2022-06-27,False
1110,Dupont,Sophie,sophie.dupont@email.com,0679936959,2022-05-27,False
1111,Durand,Marc,marc.durand@email.com,0675493855,2024-02-17,False
1112,Lemoine,Marc,marc.lemoine@email.com,0642754400,2024-11-01,False
1113,Simon,Nicolas,nicolas.simon@email.com,0652303253,2024-08-29,False
1114,Morel,Laura,laura.morel@email.com,0653184197,2024-10-14,True
1115,Bernard,Clara,clara.bernard@email.com,0683242768,2023-07-02,False
1116,Michel,Alice,alice.michel@email.com,0690066771,2024-11-23,False
1117,Durand,Laura,laura.durand@email.com,0638177786,2023-08-27,True
1118,Bernard,Laura,laura.bernard@email.com,0640563842,2023-02-15,False
1119,Martin,Laura,laura.martin@email.com,0665508232,2024-02-06,True
1120,Lemoine,Paul,paul.lemoine@email.com,0619073703,2023-03-06,False
1121,Leroy,David,david.leroy@email.com,0687067615,2024-05-28,False
1122,Lemoine,Nicolas,nicolas.lemoine@email.com,0674018126,2024-10-13,False
1123,Bernard,Marc,marc.bernard@email.com,0672183676,2023-10-10,False
1124,Roux,Laura,laura.roux@email.com,0648379993,2023-04-19,True
1125,Leroy,David,david.leroy@email.com,0610206597,2023-08-20,True
1126,Morel,Emma,emma.morel@email.com,0632608361,2023-11-02,False
1127,Durand,Clara,clara.durand@email.com,0622878052,2023-03-13,False
1128,Roux,Jean,jean.roux@email.com,0688342314,2022-05-31,False
1129,Leroy,Paul,paul.leroy@email.com,0695167575,2023-05-28,False
1130,Simon,Paul,paul.simon@email.com,0628376316,2024-04-23,False
1131,Bernard,Marc,marc.bernard@email.com,0657206076,2022-11-29,False
1132,Durand,Sophie,sophie.durand@email.com,0667686142,2023-12-05,True
1133,Simon,Paul,paul.simon@email.com,0621982428,2023-12-02,False
1134,Martin,Nicolas,nicolas.martin@email.com,0642437003,2022-09-21,False
1135,Martin,Emma,emma.martin@email.com,0650334884,2023-05-03,True
1136,Michel,Alice,alice.michel@email.com,0666659968,2022-10-07,False
1137,Lemoine,David,david.lemoine@email.com,0673594938,2024-04-06,False
1138,Dupont,Clara,clara.dupont@email.com,0637686301,2022-09-09,False
1139,Durand,Sophie,sophie.durand@email.com,0643311964,2024-05-01,False
1140,Dupont,Marc,marc.dupont@email.com,0663467060,2023-08-31,False
1141,Bernard,Alice,alice.bernard@email.com,0649830171,2024-10-06,True
1142,Simon,David,david.simon@email.com,0680571417,2024-03-28,False
1143,Dupont,Paul,paul.dupont@email.com,0629940839,2023-05-26,False
1144,Roux,Emma,emma.roux@email.com,0698226847,2023-07-15,True
1145,Lemoine,Alice,alice.lemoine@email.com,0674012613,2023-04-11,True
1146,Dupont,Clara,clara.dupont@email.com,0640564766,2022-06-04,True
1147,Martin,Paul,paul.martin@email.com,0613968537,2023-01-22,True
1148,Lemoine,Emma,emma.lemoine@email.com,0659399089,2023-10-13,False
1149,Bernard,Marc,marc.bernard@email.com,0686398758,2022-10-13,False
1150,Durand,Nicolas,nicolas.durand@email.com,0685979302,2023-06-15,True
1151,Durand,Sophie,sophie.durand@email.com,0672709979,2022-12-15,True
1152,Leroy,Laura,laura.leroy@email.com,0659495418,2023-01-03,True
1153,Dupont,Marc,marc.dupont@email.com,0685643275,2023-04-13,True
1154,Martin,Nicolas,nicolas.martin@email.com,0693172226,2023-12-11,True
1155,Leroy,David,david.leroy@email.com,0689733000,2023-01-28,False
1156,Simon,Paul,paul.simon@email.com,0659509712,2023-09-27,True
1157,Simon,Marc,marc.simon@email.com,0679400636,2024-08-07,False
1158,Dupont,Emma,emma.dupont@email.com,0646598523,2023-01-13,True
1159,Michel,David,david.michel@email.com,0651348632,2022-12-23,True
1160,Leroy,Sophie,sophie.leroy@email.com,0617448840,2023-04-22,False
1161,Michel,Jean,jean.michel@email.com,0622573744,2024-03-11,True
1162,Morel,Sophie,sophie.morel@email.com,0630972711,2022-07-26,True
1163,Roux,Clara,clara.roux@email.com,0685094092,2022-05-26,True
1164,Morel,Marc,marc.morel@email.com,0645224591,2023-02-23,False
1165,Simon,Marc,marc.simon@email.com,0670690149,2023-12-01,True
1166,Dupont,Jean,jean.dupont@email.com,0659157668,2022-12-21,False
1167,Martin,Sophie,sophie.martin@email.com,0693900809,2024-04-08,True
1168,Morel,Paul,paul.morel@email.com,0647679534,2023-10-09,True
1169,Lemoine,David,david.lemoine@email.com,0668508427,2023-02-25,False
1170,Roux,Sophie,sophie.roux@email.com,0654663400,2024-07-25,False
1171,Morel,Nicolas,nicolas.morel@email.com,0676570998,2024-01-23,True
1172,Martin,Nicolas,nicolas.martin@email.com,0636375224,2024-08-20,True
1173,Simon,Paul,paul.simon@email.com,0625433669,2024-10-08,False
1174,Simon,David,david.simon@email.com,0664433288,2022-06-24,False
1175,Dupont,David,david.dupont@email.com,0647337907,2024-08-07,False
1176,Roux,Jean,jean.roux@email.com,0643459475,2023-12-18,False
1177,Morel,Nicolas,nicolas.morel@email.com,0669622926,2022-11-14,True
1178,Dupont,Clara,clara.dupont@email.com,0655646606,2023-02-27,False
1179,Simon,Emma,emma.simon@email.com,0613317153,2023-07-30,True
1180,Martin,Paul,paul.martin@email.com,0690697728,2023-10-13,True
1181,Simon,Nicolas,nicolas.simon@email.com,0695455355,2022-09-16,True
1182,Lemoine,Clara,clara.lemoine@email.com,0656345982,2023-12-20,True
1183,Morel,Paul,paul.morel@email.com,0664256222,2023-09-29,True
1184,Durand,Clara,clara.durand@email.com,0691014632,2023-09-07,True
1185,Morel,Laura,laura.morel@email.com,0650452746,2023-12-19,False
1186,Martin,Nicolas,nicolas.martin@email.com,0633227940,2024-08-08,True
1187,Martin,Sophie,sophie.martin@email.com,0649664080,2023-08-03,True
1188,Bernard,Marc,marc.bernard@email.com,0632016672,2023-07-11,False
1189,Simon,Marc,marc.simon@email.com,0654187140,2022-12-31,True
1190,Leroy,Jean,jean.leroy@email.com,0650339951,2024-06-02,True
1191,Martin,Jean,jean.martin@email.com,0691219975,2024-10-22,True
1192,Bernard,Paul,paul.bernard@email.com,0615035796,2023-03-21,False
1193,Michel,Alice,alice.michel@email.com,0643522076,2022-07-31,True
1194,Roux,Paul,paul.roux@email.com,0694083367,2022-07-08,False
1195,Leroy,Sophie,sophie.leroy@email.com,0654100451,2023-05-04,True
1196,Simon,Alice,alice.simon@email.com,0679198813,2022-06-12,False
1197,Bernard,Alice,alice.bernard@email.com,0675057192,2023-07-20,True
1198,Durand,David,david.durand@email.com,0670567278,2024-12-14,True
1199,Morel,Emma,emma.morel@email.com,0689518980,2024-07-06,False
1200,Morel,Marc,marc.morel@email.com,0614908046,2023-03-16,True
1201,Martin,Emma,emma.martin@email.com,0622588828,2024-07-21,True
1202,Roux,Paul,paul.roux@email.com,0644015754,2024-03-07,False
1203,Durand,Nicolas,nicolas.durand@email.com,0616506976,2024-02-25,True
1204,Martin,Clara,clara.martin@email.com,0690759772,2024-07-06,False
1205,Bernard,Emma,emma.bernard@email.com,0637889412,2023-09-01,False
1206,Dupont,Paul,paul.dupont@email.com,0629546623,2023-05-31,False
1207,Leroy,Paul,paul.leroy@email.com,0657239832,2024-04-10,False
1208,Durand,David,david.durand@email.com,0649705665,2023-05-07,False
1209,Morel,David,david.morel@email.com,0647055011,2024-03-02,False
1210,Martin,Emma,emma.martin@email.com,0636209280,2022-09-01,False
1211,Durand,Marc,marc.durand@email.com,0676861501,2023-06-28,True
1212,Durand,Alice,alice.durand@email.com,0666297689,2024-01-07,True
1213,Michel,Clara,clara.michel@email.com,0699199012,2024-07-07,False
1214,Lemoine,Marc,marc.lemoine@email.com,0698732531,2022-05-14,False
1215,Leroy,Sophie,sophie.leroy@email.com,0699433004,2024-11-04,True
1216,Durand,Emma,emma.durand@email.com,0621134606,2023-09-03,False
1217,Martin,Paul,paul.martin@email.com,0646717518,2024-10-28,False
1218,Morel,Nicolas,nicolas.morel@email.com,0688194630,2023-09-12,False
1219,Dupont,Emma,emma.dupont@email.com,0663117332,2024-01-25,True
1220,Bernard,Sophie,sophie.bernard@email.com,0641928657,2023-07-14,False
1221,Morel,David,david.morel@email.com,0655343166,2024-12-12,False
1222,Roux,Sophie,sophie.roux@email.com,0627034619,2023-06-21,True
1223,Michel,Nicolas,nicolas.michel@email.com,0672447547,2024-08-13,True
1224,Leroy,Paul,paul.leroy@email.com,0647828537,2023-12-26,False
1225,Martin,Marc,marc.martin@email.com,0644990111,2023-10-16,False
1226,Martin,Alice,alice.martin@email.com,0618784185,2023-06-26,True
1227,Lemoine,Alice,alice.lemoine@email.com,0626527294,2024-07-27,False
1228,Lemoine,David,david.lemoine@email.com,0619301288,2024-12-24,True
1229,Dupont,Laura,laura.dupont@email.com,0673163096,2022-07-19,False
1230,Lemoine,Paul,paul.lemoine@email.com,0627234880,2023-12-09,False
1231,Martin,Marc,marc.martin@email.com,0627793785,2022-06-22,True
1232,Lemoine,Paul,paul.lemoine@email.com,0649301976,2023-12-20,False
1233,Dupont,Marc,marc.dupont@email.com,0665553969,2022-11-27,False
1234,Durand,Laura,laura.durand@email.com,0689042085,2024-09-01,True
1235,Morel,Laura,laura.morel@email.com,0615545209,2023-11-26,True
1236,Simon,Clara,clara.simon@email.com,0666298246,2023-04-04,False
1237,Durand,Alice,alice.durand@email.com,0661751717,2023-03-05,True
1238,Roux,Emma,emma.roux@email.com,0692796629,2024-02-22,True
1239,Michel,Alice,alice.michel@email.com,0682165113,2024-01-15,True
1240,Michel,Emma,emma.michel@email.com,0652752206,2023-12-28,False
1241,Michel,David,david.michel@email.com,0628977517,2023-03-02,False
1242,Roux,David,david.roux@email.com,0677233628,2022-10-25,False
1243,Leroy,Laura,laura.leroy@email.com,0678768677,2025-01-04,True
1244,Roux,Sophie,sophie.roux@email.com,0672381538,2024-12-24,False
1245,Lemoine,Paul,paul.lemoine@email.com,0636490634,2024-07-07,False
1246,Lemoine,David,david.lemoine@email.com,0681899700,2024-03-30,True
1247,Bernard,Sophie,sophie.bernard@email.com,0632975306,2023-01-25,True
1248,Morel,Nicolas,nicolas.morel@email.com,0662496475,2023-01-25,False
1249,Dupont,Jean,jean.dupont@email.com,0687857709,2023-03-06,False
1250,Michel,Clara,clara.michel@email.com,0676812620,2023-03-29,False
1251,Bernard,Laura,laura.bernard@email.com,0670238752,2023-12-15,True
1252,Lemoine,David,david.lemoine@email.com,0690870611,2022-09-26,False
1253,Morel,Laura,laura.morel@email.com,0694994065,2024-08-26,False
1254,Michel,Marc,marc.michel@email.com,0688859464,2022-05-21,False
1255,Morel,Jean,jean.morel@email.com,0677981778,2023-01-29,True
1256,Durand,Clara,clara.durand@email.com,0682523676,2022-12-10,False
1257,Leroy,Laura,laura.leroy@email.com,0669240245,2023-01-14,True
1258,Durand,Jean,jean.durand@email.com,0624114118,2024-09-29,False
1259,Dupont,Alice,alice.dupont@email.com,0643786977,2023-03-26,False
1260,Leroy,Nicolas,nicolas.leroy@email.com,0616416424,2023-04-08,True
1261,Simon,David,david.simon@email.com,0635845477,2024-06-24,True
1262,Dupont,Marc,marc.dupont@email.com,0629205121,2023-12-28,False
1263,Martin,Sophie,sophie.martin@email.com,0694464129,2024-09-13,True
1264,Simon,Laura,laura.simon@email.com,0645416750,2022-10-28,False
1265,Roux,Emma,emma.roux@email.com,0615029173,2024-08-28,False
1266,Morel,Laura,laura.morel@email.com,0619811317,2024-02-11,True
1267,Bernard,Sophie,sophie.bernard@email.com,0610864390,2024-05-02,True
1268,Simon,David,david.simon@email.com,0692676002,2024-08-22,True
1269,Lemoine,Marc,marc.lemoine@email.com,0662697735,2023-11-03,False
1270,Morel,Nicolas,nicolas.morel@email.com,0618920081,2024-08-16,True
1271,Martin,Emma,emma.martin@email.com,0679897490,2023-04-16,True
1272,Dupont,Alice,alice.dupont@email.com,0643880569,2023-03-14,True
1273,Michel,Marc,marc.michel@email.com,0679045003,2024-12-10,True
1274,Dupont,David,david.dupont@email.com,0631112168,2024-03-25,True
1275,Dupont,Clara,clara.dupont@email.com,0647767094,2022-06-13,True
1276,Morel,Sophie,sophie.morel@email.com,0645500970,2024-12-23,True
1277,Durand,David,david.durand@email.com,0638104932,2022-12-27,True
1278,Martin,Emma,emma.martin@email.com,0663237620,2023-01-01,False
1279,Roux,Sophie,sophie.roux@email.com,0683454324,2023-07-02,False
1280,Lemoine,Alice,alice.lemoine@email.com,0654432752,2023-10-22,False
1281,Leroy,Clara,clara.leroy@email.com,0657497216,2023-02-06,True
1282,Morel,Emma,emma.morel@email.com,0617474572,2024-09-15,True
1283,Martin,Clara,clara.martin@email.com,0690653476,2024-11-22,True
1284,Morel,Clara,clara.morel@email.com,0630496543,2022-09-09,False
1285,Leroy,Laura,laura.leroy@email.com,0663859686,2023-02-20,False
1286,Michel,Sophie,sophie.michel@email.com,0697044040,2023-01-10,True
1287,Simon,Paul,paul.simon@email.com,0624533480,2022-12-22,True
1288,Dupont,Laura,laura.dupont@email.com,0663110504,2022-11-02,False
1289,Lemoine,Clara,clara.lemoine@email.com,0652281856,2022-10-02,False
1290,Lemoine,Emma,emma.lemoine@email.com,0639282367,2023-06-17,True
1291,Roux,David,david.roux@email.com,0616939502,2024-04-19,False
1292,Durand,Clara,clara.durand@email.com,0677980065,2023-02-07,False
1293,Leroy,Sophie,sophie.leroy@email.com,0610860803,2024-08-25,True
1294,Michel,David,david.michel@email.com,0689985716,2022-07-10,True
1295,Simon,Emma,emma.simon@email.com,0636047866,2024-06-14,True
1296,Lemoine,Laura,laura.lemoine@email.com,0671152504,2023-10-20,True
1297,Michel,Sophie,sophie.michel@email.com,0631963639,2024-06-22,False
1298,Morel,Paul,paul.morel@email.com,0629587947,2022-07-31,True
1299,Leroy,David,david.leroy@email.com,0677174070,2022-06-22,True
1300,Roux,Nicolas,nicolas.roux@email.com,0616290728,2024-08-16,False
1301,Lemoine,Alice,alice.lemoine@email.com,0632162552,2023-04-18,True
1302,Simon,Sophie,sophie.simon@email.com,0625632221,2022-07-24,True
1303,Leroy,Marc,marc.leroy@email.com,0699098596,2024-02-16,True
1304,Roux,Jean,jean.roux@email.com,0695158547,2023-08-07,False
1305,Bernard,Paul,paul.bernard@email.com,0640120320,2022-06-05,False
1306,Bernard,Alice,alice.bernard@email.com,0689874023,2024-06-20,False
1307,Lemoine,Clara,clara.lemoine@email.com,0676899240,2023-03-07,True
1308,Dupont,Sophie,sophie.dupont@email.com,0660964230,2022-08-13,True
1309,Leroy,Marc,marc.leroy@email.com,0660880679,2024-01-08,False
1310,Michel,Clara,clara.michel@email.com,0641479937,2024-07-07,False
1311,Roux,Emma,emma.roux@email.com,0654575282,2022-11-23,False
1312,Dupont,Paul,paul.dupont@email.com,0650292849,2023-12-19,True
1313,Martin,Emma,emma.martin@email.com,0670133781,2022-06-24,False
1314,Simon,Alice,alice.simon@email.com,0655169337,2023-07-22,False
1315,Morel,Alice,alice.morel@email.com,0693042369,2023-03-09,True
1316,Martin,Emma,emma.martin@email.com,0636652780,2023-07-11,True
1317,Morel,David,david.morel@email.com,0648806321,2023-02-25,False
1318,Roux,David,david.roux@email.com,0626440652,2025-01-03,False
1319,Lemoine,David,david.lemoine@email.com,0622196496,2023-08-09,True
1320,Martin,Emma,emma.martin@email.com,0610291482,2023-01-28,False
1321,Morel,Alice,alice.morel@email.com,0613579741,2024-05-02,True
1322,Martin,Nicolas,nicolas.martin@email.com,0644103587,2024-06-04,False
1323,Martin,Clara,clara.martin@email.com,0654646162,2023-09-13,True
1324,Bernard,Clara,clara.bernard@email.com,0634022044,2024-09-22,False
1325,Martin,David,david.martin@email.com,0648502060,2024-04-03,True
1326,Bernard,Marc,marc.bernard@email.com,0643189650,2024-12-28,False
1327,Martin,Nicolas,nicolas.martin@email.com,0630441746,2024-10-01,True
1328,Martin,Jean,jean.martin@email.com,0634638152,2023-02-25,False
1329,Michel,Paul,paul.michel@email.com,0669204248,2023-01-24,True
1330,Durand,Laura,laura.durand@email.com,0684598644,2024-04-16,True
1331,Leroy,David,david.leroy@email.com,0681277117,2024-11-17,True
1332,Bernard,David,david.bernard@email.com,0656796301,2024-08-07,False
1333,Simon,Marc,marc.simon@email.com,0672900787,2023-03-06,False
1334,Martin,Jean,jean.martin@email.com,0636745510,2024-11-19,True
1335,Simon,Alice,alice.simon@email.com,0622928960,2024-03-11,False
1336,Durand,David,david.durand@email.com,0630774344,2024-11-16,False
1337,Lemoine,Clara,clara.lemoine@email.com,0660230548,2023-12-06,False
1338,Durand,David,david.durand@email.com,0620338172,2023-04-23,False
1339,Martin,Alice,alice.martin@email.com,0632159269,2023-09-18,True
1340,Bernard,Alice,alice.bernard@email.com,0674188000,2022-10-22,True
1341,Michel,Jean,jean.michel@email.com,0617310599,2022-08-11,True
1342,Lemoine,Emma,emma.lemoine@email.com,0639875695,2023-06-06,False
1343,Michel,Nicolas,nicolas.michel@email.com,0680564295,2022-08-07,False
1344,Leroy,Emma,emma.leroy@email.com,0689454024,2023-07-13,False
1345,Martin,Alice,alice.martin@email.com,0624783409,2024-05-19,False
1346,Durand,Marc,marc.durand@email.com,0654733434,2022-10-30,True
1347,Morel,David,david.morel@email.com,0637788053,2022-08-31,True
1348,Simon,Laura,laura.simon@email.com,0661052764,2022-12-16,False
1349,Durand,Nicolas,nicolas.durand@email.com,0646787213,2023-03-27,False
1350,Bernard,Marc,marc.bernard@email.com,0627494327,2024-05-06,False
1351,Durand,Marc,marc.durand@email.com,0674362483,2024-03-22,False
1352,Simon,Alice,alice.simon@email.com,0658957365,2022-07-21,False
1353,Bernard,Clara,clara.bernard@email.com,0679035907,2023-01-15,False
1354,Dupont,Nicolas,nicolas.dupont@email.com,0632447732,2022-08-01,False
1355,Simon,Jean,jean.simon@email.com,0651399283,2023-12-06,False
1356,Simon,Nicolas,nicolas.simon@email.com,0691014532,2023-05-14,True
1357,Roux,Jean,jean.roux@email.com,0628739607,2023-10-28,False
1358,Simon,Emma,emma.simon@email.com,0616625499,2024-12-02,True
1359,Michel,David,david.michel@email.com,0676019852,2022-06-27,False
1360,Durand,Clara,clara.durand@email.com,0695648500,2024-08-30,True
1361,Bernard,Clara,clara.bernard@email.com,0624465516,2023-08-12,True
1362,Morel,Sophie,sophie.morel@email.com,0645798141,2024-05-31,False
1363,Lemoine,Jean,jean.lemoine@email.com,0622038642,2023-09-03,True
1364,Simon,Alice,alice.simon@email.com,0637948838,2024-11-28,True
1365,Martin,Paul,paul.martin@email.com,0675086574,2023-10-06,False
1366,Simon,Alice,alice.simon@email.com,0684911881,2023-05-03,True
1367,Martin,Marc,marc.martin@email.com,0617073223,2022-06-07,False
1368,Roux,Marc,marc.roux@email.com,0688436570,2023-07-26,True
1369,Dupont,Paul,paul.dupont@email.com,0677344301,2024-09-12,True
1370,Martin,Laura,laura.martin@email.com,0688403100,2024-12-01,True
1371,Lemoine,Jean,jean.lemoine@email.com,0697444693,2023-04-16,False
1372,Leroy,Alice,alice.leroy@email.com,0650615864,2024-09-03,True
1373,Simon,Marc,marc.simon@email.com,0667342957,2022-07-14,True
1374,Dupont,Paul,paul.dupont@email.com,0693969400,2022-05-14,True
1375,Bernard,Clara,clara.bernard@email.com,0678782301,2023-03-22,False
1376,Michel,Marc,marc.michel@email.com,0675244908,2023-05-05,True
1377,Lemoine,Nicolas,nicolas.lemoine@email.com,0628708128,2022-08-14,True
1378,Lemoine,Paul,paul.lemoine@email.com,0621310163,2024-11-28,True
1379,Morel,Alice,alice.morel@email.com,0693615001,2023-12-02,False
1380,Dupont,Marc,marc.dupont@email.com,0632505876,2024-04-10,False
1381,Bernard,Marc,marc.bernard@email.com,0615641975,2024-07-03,True
1382,Lemoine,Paul,paul.lemoine@email.com,0610819087,2022-10-15,True
1383,Roux,Nicolas,nicolas.roux@email.com,0649877250,2022-09-24,True
1384,Leroy,Paul,paul.leroy@email.com,0610605471,2024-04-22,False
1385,Martin,Nicolas,nicolas.martin@email.com,0634437639,2023-03-15,False
1386,Roux,Sophie,sophie.roux@email.com,0653474508,2024-10-19,True
1387,Leroy,Marc,marc.leroy@email.com,0692296077,2023-01-09,False
1388,Michel,Jean,jean.michel@email.com,0690183534,2023-09-22,True
1389,Roux,Laura,laura.roux@email.com,0685517239,2023-03-21,True
1390,Durand,David,david.durand@email.com,0633973518,2022-07-27,False
1391,Simon,Alice,alice.simon@email.com,0685433264,2024-09-06,True
1392,Leroy,Marc,marc.leroy@email.com,0695447411,2023-06-23,False
1393,Simon,Alice,alice.simon@email.com,0670220471,2022-05-16,True
1394,Leroy,Paul,paul.leroy@email.com,0627261055,2023-06-01,True
1395,Lemoine,Marc,marc.lemoine@email.com,0613173748,2024-11-08,False
1396,Dupont,Nicolas,nicolas.dupont@email.com,0697752519,2022-12-18,False
1397,Lemoine,Laura,laura.lemoine@email.com,0655026427,2022-09-26,False
1398,Simon,Emma,emma.simon@email.com,0657235896,2024-12-13,False
1399,Roux,Clara,clara.roux@email.com,0640731875,2024-05-12,True
1400,Simon,Emma,emma.simon@email.com,0636634731,2023-11-10,False
1401,Simon,Jean,jean.simon@email.com,0644056578,2024-10-10,True
1402,Michel,Alice,alice.michel@email.com,0696118118,2022-11-06,False
1403,Morel,David,david.morel@email.com,0621986343,2022-11-21,True
1404,Durand,David,david.durand@email.com,0672868201,2024-06-10,False
1405,Bernard,Emma,emma.bernard@email.com,0673879953,2024-12-02,False
1406,Durand,Nicolas,nicolas.durand@email.com,0683469199,2024-04-18,False
1407,Simon,David,david.simon@email.com,0645424496,2023-02-12,True
1408,Leroy,David,david.leroy@email.com,0657888587,2024-07-11,True
1409,Martin,Alice,alice.martin@email.com,0682304770,2023-12-02,False
1410,Martin,Marc,marc.martin@email.com,0652529762,2023-12-26,False
1411,Dupont,Paul,paul.dupont@email.com,0686587052,2022-10-17,False
1412,Bernard,Alice,alice.bernard@email.com,0619141827,2023-01-24,True
1413,Durand,Clara,clara.durand@email.com,0651565992,2024-07-21,True
1414,Simon,Laura,laura.simon@email.com,0657674381,2024-06-03,True
1415,Michel,Emma,emma.michel@email.com,0644101863,2022-06-15,False
1416,Simon,David,david.simon@email.com,0663195167,2023-07-03,True
1417,Bernard,Laura,laura.bernard@email.com,0632936716,2024-11-08,True
1418,Roux,David,david.roux@email.com,0613809849,2022-10-03,False
1419,Durand,Emma,emma.durand@email.com,0652155523,2022-07-15,False
1420,Michel,Clara,clara.michel@email.com,0628666499,2024-12-05,False
1421,Martin,Marc,marc.martin@email.com,0680945999,2024-11-05,True
1422,Lemoine,Jean,jean.lemoine@email.com,0618788464,2024-01-10,False
1423,Lemoine,Sophie,sophie.lemoine@email.com,0657096751,2022-10-14,False
1424,Roux,Nicolas,nicolas.roux@email.com,0693217216,2023-10-26,True
1425,Durand,Nicolas,nicolas.durand@email.com,0646133593,2024-04-14,True
1426,Bernard,Marc,marc.bernard@email.com,0668682655,2023-09-21,False
1427,Leroy,Sophie,sophie.leroy@email.com,0630891010,2022-07-29,True
1428,Morel,Nicolas,nicolas.morel@email.com,0619879291,2024-06-30,False
1429,Morel,Jean,jean.morel@email.com,0632772811,2022-06-14,True
1430,Bernard,Laura,laura.bernard@email.com,0674381901,2022-11-03,True
1431,Durand,Laura,laura.durand@email.com,0669276708,2022-09-08,False
1432,Lemoine,Nicolas,nicolas.lemoine@email.com,0670892523,2023-11-26,False
1433,Simon,Alice,alice.simon@email.com,0641646900,2024-02-05,False
1434,Morel,Nicolas,nicolas.morel@email.com,0683877236,2023-06-13,True
1435,Lemoine,Marc,marc.lemoine@email.com,0619025944,2024-04-18,False
1436,Morel,Clara,clara.morel@email.com,0674520394,2024-03-22,True
1437,Durand,David,david.durand@email.com,0683495619,2022-12-28,False
1438,Leroy,Laura,laura.leroy@email.com,0652563890,2023-08-02,True
1439,Martin,Paul,paul.martin@email.com,0699085756,2023-04-19,True
1440,Morel,Laura,laura.morel@email.com,0680042372,2023-06-04,False
1441,Dupont,Emma,emma.dupont@email.com,0638870610,2024-12-06,False
1442,Morel,Jean,jean.morel@email.com,0639302674,2024-06-20,True
1443,Michel,Jean,jean.michel@email.com,0680621754,2024-09-02,True
1444,Morel,Nicolas,nicolas.morel@email.com,0630617117,2023-12-26,True
1445,Dupont,Paul,paul.dupont@email.com,0639627235,2024-06-21,True
1446,Roux,Paul,paul.roux@email.com,0635697300,2024-01-01,False
1447,Martin,Alice,alice.martin@email.com,0678739945,2023-08-20,True
1448,Leroy,Jean,jean.leroy@email.com,0637884865,2022-08-31,True
1449,Lemoine,David,david.lemoine@email.com,0691509284,2023-12-28,True
1450,Bernard,Laura,laura.bernard@email.com,0655893866,2022-06-23,False
1451,Leroy,Emma,emma.leroy@email.com,0677381440,2024-04-15,True
1452,Martin,Paul,paul.martin@email.com,0620649956,2022-09-11,True
1453,Morel,Emma,emma.morel@email.com,0626318692,2023-07-01,True
1454,Martin,David,david.martin@email.com,0650280315,2022-06-30,True
1455,Bernard,Nicolas,nicolas.bernard@email.com,0644032984,2023-01-27,False
1456,Dupont,Paul,paul.dupont@email.com,0615951486,2022-11-30,False
1457,Simon,Paul,paul.simon@email.com,0674372974,2023-05-18,True
1458,Dupont,Clara,clara.dupont@email.com,0664588308,2024-07-22,True
1459,Dupont,Paul,paul.dupont@email.com,0688339382,2023-08-18,True
1460,Martin,Nicolas,nicolas.martin@email.com,0691225939,2022-05-20,False
1461,Dupont,Nicolas,nicolas.dupont@email.com,0691559656,2024-09-24,True
1462,Michel,Laura,laura.michel@email.com,0675417576,2023-07-31,False
1463,Martin,Paul,paul.martin@email.com,0611971779,2023-10-06,False
1464,Leroy,Alice,alice.leroy@email.com,0629529484,2023-08-24,True
1465,Morel,Emma,emma.morel@email.com,0639579539,2023-11-16,True
1466,Lemoine,Laura,laura.lemoine@email.com,0648531839,2022-05-22,False
1467,Bernard,Sophie,sophie.bernard@email.com,0633906605,2024-08-15,False
1468,Simon,Paul,paul.simon@email.com,0677505764,2022-05-26,False
1469,Bernard,Alice,alice.bernard@email.com,0640357835,2024-02-25,False
1470,Michel,Laura,laura.michel@email.com,0652535005,2024-07-31,True
1471,Simon,Paul,paul.simon@email.com,0693414925,2024-01-16,False
1472,Simon,Clara,clara.simon@email.com,0667686312,2023-04-25,False
1473,Dupont,Nicolas,nicolas.dupont@email.com,0623790952,2024-04-25,False
1474,Roux,David,david.roux@email.com,0686646302,2023-04-13,True
1475,Morel,David,david.morel@email.com,0622876253,2022-09-09,True
1476,Lemoine,Jean,jean.lemoine@email.com,0696766722,2023-12-18,False
1477,Leroy,Laura,laura.leroy@email.com,0636281137,2023-12-30,True
1478,Bernard,David,david.bernard@email.com,0631471925,2024-07-02,False
1479,Morel,Marc,marc.morel@email.com,0669498968,2024-12-19,True
1480,Morel,Alice,alice.morel@email.com,0623796317,2024-05-22,True
1481,Leroy,Clara,clara.leroy@email.com,0625153401,2024-12-10,False
1482,Roux,Nicolas,nicolas.roux@email.com,0614360402,2024-06-11,False
1483,Morel,Clara,clara.morel@email.com,0699447242,2023-12-29,True
1484,Dupont,Paul,paul.dupont@email.com,0614487859,2024-06-11,False
1485,Bernard,Alice,alice.bernard@email.com,0638500808,2024-04-26,True
1486,Bernard,Paul,paul.bernard@email.com,0694763591,2022-10-17,True
1487,Leroy,Nicolas,nicolas.leroy@email.com,0672387387,2022-08-10,False
1488,Bernard,Sophie,sophie.bernard@email.com,0699017364,2023-12-08,False
1489,Bernard,David,david.bernard@email.com,0645475713,2023-03-05,False
1490,Leroy,David,david.leroy@email.com,0622169199,2022-09-03,False
1491,Lemoine,David,david.lemoine@email.com,0610645047,2024-05-13,True
1492,Bernard,Nicolas,nicolas.bernard@email.com,0669904772,2024-07-10,True
1493,Roux,Nicolas,nicolas.roux@email.com,0685372411,2024-01-18,False
1494,Martin,Alice,alice.martin@email.com,0619215529,2024-08-05,False
1495,Michel,Laura,laura.michel@email.com,0674031191,2023-11-01,True
1496,Leroy,Jean,jean.leroy@email.com,0654531723,2023-10-02,False
1497,Morel,Paul,paul.morel@email.com,0692626377,2024-10-14,False
1498,Michel,Alice,alice.michel@email.com,0669810437,2022-07-16,True
1499,Michel,David,david.michel@email.com,0659974301,2024-10-15,False
1500,Leroy,Paul,paul.leroy@email.com,0652280194,2022-08-26,True
1501,Bernard,Emma,emma.bernard@email.com,0615025878,2023-08-06,False
1502,Simon,Clara,clara.simon@email.com,0645239228,2023-02-05,True
1503,Dupont,Emma,emma.dupont@email.com,0610384707,2023-03-16,False
1504,Roux,Paul,paul.roux@email.com,0660787758,2022-10-16,False
1505,Durand,Alice,alice.durand@email.com,0616111783,2024-01-28,True
1506,Michel,Sophie,sophie.michel@email.com,0636238612,2022-07-02,True
1507,Roux,Clara,clara.roux@email.com,0682005803,2023-02-03,True
1508,Durand,Jean,jean.durand@email.com,0666739093,2024-11-19,False
1509,Dupont,Nicolas,nicolas.dupont@email.com,0684716372,2023-06-14,True
1510,Morel,Jean,jean.morel@email.com,0615740902,2022-05-30,False
1511,Martin,Sophie,sophie.martin@email.com,0698872115,2024-09-18,False
1512,Roux,Marc,marc.roux@email.com,0654541040,2023-01-11,True
1513,Simon,Marc,marc.simon@email.com,0636117275,2023-03-03,False
1514,Michel,Emma,emma.michel@email.com,0616917839,2024-06-09,False
1515,Durand,Alice,alice.durand@email.com,0698546662,2024-12-02,True
1516,Michel,Clara,clara.michel@email.com,0657289125,2024-01-03,True
1517,Roux,Marc,marc.roux@email.com,0663838536,2022-10-01,False
1518,Morel,Marc,marc.morel@email.com,0642250642,2022-11-06,False
1519,Martin,Laura,laura.martin@email.com,0659007320,2024-03-14,False
1520,Dupont,Clara,clara.dupont@email.com,0662547120,2024-11-07,False
1521,Michel,Paul,paul.michel@email.com,0699344766,2024-10-21,True
1522,Simon,Nicolas,nicolas.simon@email.com,0671467521,2024-11-14,False
1523,Simon,Laura,laura.simon@email.com,0657017887,2022-09-19,True
1524,Lemoine,Clara,clara.lemoine@email.com,0686060410,2024-05-03,True
1525,Bernard,Alice,alice.bernard@email.com,0669885328,2023-07-25,False
1526,Dupont,Marc,marc.dupont@email.com,0665730602,2022-08-05,False
1527,Dupont,Clara,clara.dupont@email.com,0616126367,2024-07-12,True
1528,Durand,David,david.durand@email.com,0695555126,2024-06-03,False
1529,Martin,David,david.martin@email.com,0695777567,2022-12-09,False
1530,Michel,Emma,emma.michel@email.com,0616032487,2024-05-06,False
1531,Michel,Emma,emma.michel@email.com,0682182472,2023-08-24,True
1532,Leroy,Sophie,sophie.leroy@email.com,0675932872,2023-09-03,False
1533,Roux,Sophie,sophie.roux@email.com,0641434368,2024-02-29,True
1534,Martin,Alice,alice.martin@email.com,0628114415,2022-09-23,True
1535,Dupont,Laura,laura.dupont@email.com,0628151100,2024-02-06,False
1536,Michel,David,david.michel@email.com,0695477503,2024-08-15,True
1537,Leroy,Clara,clara.leroy@email.com,0636490458,2022-12-27,True
1538,Lemoine,Paul,paul.lemoine@email.com,0633244030,2022-07-20,False
1539,Morel,Emma,emma.morel@email.com,0624242221,2023-02-21,True
1540,Durand,Alice,alice.durand@email.com,0637164452,2022-06-18,True
1541,Dupont,Nicolas,nicolas.dupont@email.com,0610452981,2022-08-01,True
1542,Roux,Jean,jean.roux@email.com,0617840122,2022-10-14,True
1543,Martin,Paul,paul.martin@email.com,0683351613,2024-11-10,False
1544,Martin,Marc,marc.martin@email.com,0634182486,2024-11-19,True
1545,Roux,Clara,clara.roux@email.com,0645631354,2023-10-05,False
1546,Michel,Nicolas,nicolas.michel@email.com,0652608802,2023-04-25,False
1547,Michel,Clara,clara.michel@email.com,0621193583,2022-08-18,True
1548,Durand,Alice,alice.durand@email.com,0631036820,2023-09-19,False
1549,Durand,Alice,alice.durand@email.com,0693318641,2022-06-14,True
1550,Leroy,Paul,paul.leroy@email.com,0614760682,2023-12-14,True
1551,Leroy,Emma,emma.leroy@email.com,0691044149,2023-12-22,True
1552,Michel,Emma,emma.michel@email.com,0644340339,2022-08-21,True
1553,Durand,Nicolas,nicolas.durand@email.com,0632573864,2022-06-28,False
1554,Durand,Marc,marc.durand@email.com,0673634553,2024-01-06,True
1555,Dupont,Clara,clara.dupont@email.com,0629256928,2024-03-13,False
1556,Martin,Paul,paul.martin@email.com,0693737605,2023-11-01,False
1557,Durand,Paul,paul.durand@email.com,0663797195,2024-07-22,True
1558,Durand,Emma,emma.durand@email.com,0693581195,2024-05-18,False
1559,Bernard,David,david.bernard@email.com,0669888112,2022-10-07,False
1560,Lemoine,David,david.lemoine@email.com,0662181888,2022-11-08,False
1561,Dupont,Laura,laura.dupont@email.com,0663381070,2024-05-21,False
1562,Lemoine,Paul,paul.lemoine@email.com,0663462501,2023-08-22,True
1563,Durand,Jean,jean.durand@email.com,0626763055,2024-12-15,False
1564,Leroy,Sophie,sophie.leroy@email.com,0692971062,2023-08-23,True
1565,Lemoine,David,david.lemoine@email.com,0661345279,2023-03-19,True
1566,Bernard,Emma,emma.bernard@email.com,0683878176,2023-10-18,True
1567,Simon,Emma,emma.simon@email.com,0629938406,2024-11-16,False
1568,Simon,David,david.simon@email.com,0679966864,2024-08-16,False
1569,Michel,Jean,jean.michel@email.com,0683538321,2022-11-13,True
1570,Durand,Clara,clara.durand@email.com,0697140633,2023-11-26,True
1571,Roux,Marc,marc.roux@email.com,0676600591,2024-06-30,True
1572,Simon,Alice,alice.simon@email.com,0634770908,2024-12-11,True
1573,Dupont,Paul,paul.dupont@email.com,0634084539,2024-05-05,False
1574,Dupont,Clara,clara.dupont@email.com,0630768802,2024-07-16,True
1575,Bernard,Nicolas,nicolas.bernard@email.com,0631740456,2024-11-07,True
1576,Morel,Jean,jean.morel@email.com,0672723444,2022-06-23,False
1577,Lemoine,Emma,emma.lemoine@email.com,0689286510,2023-10-12,True
1578,Leroy,Laura,laura.leroy@email.com,0684001299,2023-09-01,True
1579,Leroy,Emma,emma.leroy@email.com,0695167497,2024-07-10,True
1580,Bernard,Emma,emma.bernard@email.com,0623843119,2023-12-15,False
1581,Morel,Paul,paul.morel@email.com,0637221426,2023-10-23,False
1582,Lemoine,Nicolas,nicolas.lemoine@email.com,0648616811,2022-05-20,False
1583,Michel,Emma,emma.michel@email.com,0642697132,2023-02-15,True
1584,Morel,Nicolas,nicolas.morel@email.com,0692243143,2023-05-05,True
1585,Martin,Marc,marc.martin@email.com,0683472246,2023-08-11,False
1586,Roux,Laura,laura.roux@email.com,0670135821,2023-11-11,False
1587,Leroy,Clara,clara.leroy@email.com,0662979315,2023-06-29,True
1588,Dupont,Marc,marc.dupont@email.com,0680007339,2022-12-10,True
1589,Morel,Paul,paul.morel@email.com,0660198962,2023-11-06,False
1590,Simon,Jean,jean.simon@email.com,0629352391,2023-09-14,True
1591,Lemoine,Clara,clara.lemoine@email.com,0614138094,2024-02-15,False
1592,Roux,Emma,emma.roux@email.com,0658034080,2023-02-11,True
1593,Simon,Paul,paul.simon@email.com,0672012506,2023-09-19,False
1594,Bernard,Marc,marc.bernard@email.com,0666216910,2024-11-22,True
1595,Durand,Clara,clara.durand@email.com,0611323633,2024-09-17,False
1596,Morel,David,david.morel@email.com,0643946146,2024-02-26,False
1597,Lemoine,Nicolas,nicolas.lemoine@email.com,0620617454,2023-06-19,False
1598,Simon,Jean,jean.simon@email.com,0614875665,2024-03-07,False
1599,Morel,Marc,marc.morel@email.com,0684556724,2023-09-22,True
1600,Lemoine,Laura,laura.lemoine@email.com,0652884048,2023-04-17,True
1601,Bernard,Clara,clara.bernard@email.com,0688099713,2024-02-01,True
1602,Durand,Clara,clara.durand@email.com,0650854223,2023-09-23,True
1603,Roux,David,david.roux@email.com,0642072617,2023-01-16,True
1604,Durand,Jean,jean.durand@email.com,0615281773,2023-07-04,False
1605,Leroy,Sophie,sophie.leroy@email.com,0685469801,2024-02-19,True
1606,Leroy,Sophie,sophie.leroy@email.com,0699741675,2024-04-18,True
1607,Simon,Paul,paul.simon@email.com,0687981193,2022-05-20,True
1608,Durand,Laura,laura.durand@email.com,0686994667,2024-07-09,False
1609,Morel,Sophie,sophie.morel@email.com,0676652712,2024-07-12,False
1610,Lemoine,Alice,alice.lemoine@email.com,0620575511,2023-01-04,True
1611,Martin,Laura,laura.martin@email.com,0646833085,2022-05-23,True
1612,Leroy,Paul,paul.leroy@email.com,0679162298,2024-08-20,True
1613,Morel,Nicolas,nicolas.morel@email.com,0677605413,2023-03-10,False
1614,Leroy,Alice,alice.leroy@email.com,0646707584,2022-09-03,True
1615,Durand,Alice,alice.durand@email.com,0661555849,2022-07-05,False
1616,Roux,Alice,alice.roux@email.com,0678333997,2024-05-31,True
1617,Morel,Sophie,sophie.morel@email.com,0653721865,2022-10-14,False
1618,Morel,Clara,clara.morel@email.com,0612041389,2024-10-07,False
1619,Michel,Sophie,sophie.michel@email.com,0610984726,2024-06-19,False
1620,Dupont,Clara,clara.dupont@email.com,0635317454,2023-03-08,False
1621,Dupont,David,david.dupont@email.com,0653694921,2023-07-01,False
1622,Morel,Paul,paul.morel@email.com,0676479197,2024-07-01,True
1623,Roux,Jean,jean.roux@email.com,0679761895,2024-06-26,False
1624,Bernard,Nicolas,nicolas.bernard@email.com,0696229068,2023-04-13,True
1625,Bernard,Emma,emma.bernard@email.com,0641571917,2022-07-28,False
1626,Dupont,Emma,emma.dupont@email.com,0656325159,2023-12-22,False
1627,Dupont,Laura,laura.dupont@email.com,0635338132,2023-08-11,False
1628,Dupont,Paul,paul.dupont@email.com,0694171770,2024-02-29,True
1629,Bernard,Sophie,sophie.bernard@email.com,0677114427,2023-05-30,False
1630,Lemoine,David,david.lemoine@email.com,0678959195,2024-12-13,True
1631,Roux,Jean,jean.roux@email.com,0648881801,2023-10-17,True
1632,Roux,Clara,clara.roux@email.com,0671046052,2024-11-26,True
1633,Martin,Jean,jean.martin@email.com,0682846550,2022-09-22,True
1634,Michel,Jean,jean.michel@email.com,0653218041,2025-01-06,True
1635,Morel,Paul,paul.morel@email.com,0693934295,2022-11-12,True
1636,Bernard,Sophie,sophie.bernard@email.com,0633328638,2022-10-24,False
1637,Martin,David,david.martin@email.com,0632963705,2024-08-06,True
1638,Morel,Jean,jean.morel@email.com,0678694101,2022-08-24,True
1639,Morel,David,david.morel@email.com,0618021352,2024-02-28,True
1640,Leroy,David,david.leroy@email.com,0610978177,2023-03-22,True
1641,Lemoine,Marc,marc.lemoine@email.com,0671215972,2023-06-28,False
1642,Lemoine,Sophie,sophie.lemoine@email.com,0674570524,2022-07-08,True
1643,Leroy,Clara,clara.leroy@email.com,0678675757,2023-03-09,True
1644,Dupont,Clara,clara.dupont@email.com,0641096152,2024-11-30,True
1645,Lemoine,Jean,jean.lemoine@email.com,0626518190,2023-02-13,True
1646,Roux,Alice,alice.roux@email.com,0643818843,2024-09-20,False
1647,Michel,Marc,marc.michel@email.com,0665002653,2023-03-30,False
1648,Durand,Paul,paul.durand@email.com,0664218607,2024-08-28,False
1649,Leroy,Paul,paul.leroy@email.com,0611606374,2024-07-15,False
1650,Morel,Laura,laura.morel@email.com,0620231422,2022-09-01,True
1651,Bernard,Alice,alice.bernard@email.com,0690474125,2023-02-14,False
1652,Martin,Emma,emma.martin@email.com,0658263536,2024-12-14,True
1653,Durand,Alice,alice.durand@email.com,0633248392,2022-07-05,True
1654,Michel,Marc,marc.michel@email.com,0614410761,2023-06-05,True
1655,Durand,Paul,paul.durand@email.com,0645795185,2024-03-07,True
1656,Dupont,Emma,emma.dupont@email.com,0624393190,2023-04-05,True
1657,Roux,Laura,laura.roux@email.com,0675351624,2023-12-15,True
1658,Simon,David,david.simon@email.com,0695115791,2024-01-27,True
1659,Simon,Marc,marc.simon@email.com,0667965466,2023-10-27,False
1660,Roux,Emma,emma.roux@email.com,0629550242,2024-08-28,False
1661,Lemoine,Marc,marc.lemoine@email.com,0634754734,2023-12-06,True
1662,Morel,Emma,emma.morel@email.com,0659294654,2023-06-14,False
1663,Lemoine,Jean,jean.lemoine@email.com,0685197749,2022-06-17,True
1664,Martin,Jean,jean.martin@email.com,0616361491,2023-10-23,False
1665,Lemoine,Nicolas,nicolas.lemoine@email.com,0655501358,2024-10-09,False
1666,Lemoine,David,david.lemoine@email.com,0659536624,2023-11-16,False
1667,Simon,Sophie,sophie.simon@email.com,0689635530,2023-07-30,True
1668,Dupont,Emma,emma.dupont@email.com,0675154922,2023-10-22,False
1669,Martin,Nicolas,nicolas.martin@email.com,0689935434,2024-08-30,True
1670,Roux,Jean,jean.roux@email.com,0697117037,2022-12-25,True
1671,Morel,David,david.morel@email.com,0686336290,2023-02-15,True
1672,Bernard,David,david.bernard@email.com,0694501242,2023-04-14,False
1673,Bernard,Jean,jean.bernard@email.com,0650806897,2022-10-31,True
1674,Bernard,Nicolas,nicolas.bernard@email.com,0664133840,2022-08-23,False
1675,Morel,Jean,jean.morel@email.com,0685021124,2023-07-11,True
1676,Leroy,Emma,emma.leroy@email.com,0638608704,2023-01-17,True
1677,Dupont,Nicolas,nicolas.dupont@email.com,0651170985,2022-07-31,True
1678,Morel,David,david.morel@email.com,0624304688,2022-05-21,False
1679,Lemoine,David,david.lemoine@email.com,0630893017,2024-01-22,True
1680,Lemoine,Jean,jean.lemoine@email.com,0672578459,2023-04-07,False
1681,Simon,Emma,emma.simon@email.com,0642379178,2024-05-02,True
1682,Bernard,Marc,marc.bernard@email.com,0663585835,2024-08-26,False
1683,Roux,Paul,paul.roux@email.com,0648347837,2023-06-05,False
1684,Morel,Sophie,sophie.morel@email.com,0681301972,2024-05-14,False
1685,Leroy,Marc,marc.leroy@email.com,0639653764,2023-08-18,True
1686,Morel,Emma,emma.morel@email.com,0666187131,2022-09-25,False
1687,Bernard,Marc,marc.bernard@email.com,0690554092,2024-06-13,True
1688,Michel,Marc,marc.michel@email.com,0697878607,2022-10-12,True
1689,Simon,David,david.simon@email.com,0693243873,2024-09-20,True
1690,Simon,Alice,alice.simon@email.com,0675842502,2024-11-22,False
1691,Bernard,Nicolas,nicolas.bernard@email.com,0631748326,2024-02-24,False
1692,Bernard,Emma,emma.bernard@email.com,0698462843,2023-11-01,False
1693,Morel,Emma,emma.morel@email.com,0688980203,2023-02-23,False
1694,Bernard,Laura,laura.bernard@email.com,0629347385,2023-03-28,False
1695,Durand,Jean,jean.durand@email.com,0652909414,2022-11-07,True
1696,Morel,Marc,marc.morel@email.com,0662820216,2023-12-26,True
1697,Lemoine,Laura,laura.lemoine@email.com,0657866102,2024-03-28,True
1698,Dupont,Paul,paul.dupont@email.com,0665282366,2024-05-07,False
1699,Morel,Nicolas,nicolas.morel@email.com,0656126927,2024-05-25,True
1700,Roux,Emma,emma.roux@email.com,0681897539,2024-11-01,True
1701,Michel,Marc,marc.michel@email.com,0656158489,2022-05-21,False
1702,Lemoine,Laura,laura.lemoine@email.com,0692496430,2022-08-26,True
1703,Bernard,Paul,paul.bernard@email.com,0633607689,2022-12-19,True
1704,Dupont,David,david.dupont@email.com,0665387844,2024-05-07,False
1705,Martin,Alice,alice.martin@email.com,0660465437,2023-05-10,False
1706,Durand,Paul,paul.durand@email.com,0624634260,2023-02-28,False
1707,Morel,Emma,emma.morel@email.com,0672965509,2024-09-03,True
1708,Simon,Jean,jean.simon@email.com,0680288179,2024-08-30,False
1709,Durand,Alice,alice.durand@email.com,0633680466,2023-04-16,False
1710,Morel,Jean,jean.morel@email.com,0659282103,2024-10-16,False
1711,Dupont,Marc,marc.dupont@email.com,0636547615,2022-12-11,True
1712,Simon,Laura,laura.simon@email.com,0625239772,2022-10-23,True
1713,Roux,Emma,emma.roux@email.com,0615034135,2023-11-25,True
1714,Bernard,David,david.bernard@email.com,0622007704,2022-06-08,True
1715,Morel,David,david.morel@email.com,0636666895,2024-09-08,True
1716,Dupont,Clara,clara.dupont@email.com,0655588706,2024-06-18,False
1717,Bernard,Laura,laura.bernard@email.com,0691958192,2024-09-14,True
1718,Durand,Sophie,sophie.durand@email.com,0616281880,2023-10-10,False
1719,Simon,Laura,laura.simon@email.com,0632451706,2023-05-04,False
1720,Lemoine,Sophie,sophie.lemoine@email.com,0699106389,2023-07-09,True
1721,Bernard,Jean,jean.bernard@email.com,0687905230,2024-01-21,False
1722,Simon,Alice,alice.simon@email.com,0692877470,2024-05-08,True
1723,Roux,Emma,emma.roux@email.com,0694016648,2023-10-20,True
1724,Durand,Nicolas,nicolas.durand@email.com,0668252068,2024-05-06,False
1725,Roux,Clara,clara.roux@email.com,0612845885,2024-06-19,False
1726,Martin,Nicolas,nicolas.martin@email.com,0619175422,2023-04-12,False
1727,Lemoine,Clara,clara.lemoine@email.com,0622692101,2024-01-20,True
1728,Simon,David,david.simon@email.com,0672263991,2024-03-30,True
1729,Morel,Sophie,sophie.morel@email.com,0681403043,2022-10-30,True
1730,Dupont,Marc,marc.dupont@email.com,0610133503,2022-08-10,False
1731,Roux,David,david.roux@email.com,0664513738,2023-10-16,True
1732,Michel,Nicolas,nicolas.michel@email.com,0683649682,2023-11-14,False
1733,Michel,Alice,alice.michel@email.com,0687445914,2023-01-21,True
1734,Dupont,Nicolas,nicolas.dupont@email.com,0666330617,2022-09-04,True
1735,Dupont,Jean,jean.dupont@email.com,0682085357,2023-09-13,True
1736,Simon,Sophie,sophie.simon@email.com,0622298491,2022-10-18,False
1737,Lemoine,Alice,alice.lemoine@email.com,0639459311,2025-01-05,True
1738,Lemoine,Emma,emma.lemoine@email.com,0663437357,2023-02-08,False
1739,Durand,Nicolas,nicolas.durand@email.com,0616391355,2024-08-08,True
1740,Roux,Marc,marc.roux@email.com,0650666489,2024-03-05,False
1741,Roux,Paul,paul.roux@email.com,0641522223,2023-09-18,True
1742,Dupont,Jean,jean.dupont@email.com,0697674366,2024-09-03,False
1743,Martin,David,david.martin@email.com,0659530336,2023-12-02,True
1744,Michel,Marc,marc.michel@email.com,0675444538,2024-07-28,False
1745,Dupont,Emma,emma.dupont@email.com,0652522555,2023-09-23,False
1746,Simon,Alice,alice.simon@email.com,0642164326,2023-06-06,False
1747,Simon,David,david.simon@email.com,0622722549,2023-09-28,True
1748,Michel,David,david.michel@email.com,0640486019,2022-08-23,True
1749,Martin,Alice,alice.martin@email.com,0684450337,2023-02-25,False
1750,Michel,Sophie,sophie.michel@email.com,0639485343,2024-02-13,True
1751,Morel,Nicolas,nicolas.morel@email.com,0615394560,2024-05-05,True
1752,Martin,Marc,marc.martin@email.com,0631679339,2024-03-16,True
1753,Bernard,David,david.bernard@email.com,0673460993,2025-01-03,True
1754,Bernard,Laura,laura.bernard@email.com,0656113367,2023-03-29,False
1755,Dupont,Clara,clara.dupont@email.com,0633891474,2024-01-31,True
1756,Simon,David,david.simon@email.com,0662592636,2024-07-16,False
1757,Dupont,Nicolas,nicolas.dupont@email.com,0698724461,2024-06-04,True
1758,Leroy,Marc,marc.leroy@email.com,0677203022,2024-01-17,True
1759,Roux,Sophie,sophie.roux@email.com,0636285230,2023-04-01,True
1760,Martin,Alice,alice.martin@email.com,0664402662,2024-06-22,False
1761,Roux,Jean,jean.roux@email.com,0676103353,2023-06-04,True
1762,Morel,Laura,laura.morel@email.com,0649492724,2022-08-05,True
1763,Michel,Nicolas,nicolas.michel@email.com,0676085304,2023-12-22,False
1764,Simon,Emma,emma.simon@email.com,0689715429,2023-05-16,True
1765,Lemoine,Laura,laura.lemoine@email.com,0659690141,2022-10-02,False
1766,Bernard,David,david.bernard@email.com,0693550007,2024-03-14,True
1767,Dupont,Alice,alice.dupont@email.com,0656598158,2023-08-17,True
1768,Durand,Emma,emma.durand@email.com,0620855639,2022-06-23,True
1769,Dupont,Nicolas,nicolas.dupont@email.com,0619683353,2024-10-18,True
1770,Leroy,Emma,emma.leroy@email.com,0692919077,2024-06-30,False
1771,Durand,Alice,alice.durand@email.com,0627517196,2023-05-20,True
1772,Michel,Emma,emma.michel@email.com,0616171271,2023-07-21,False
1773,Durand,Jean,jean.durand@email.com,0630801861,2024-08-20,True
1774,Leroy,Emma,emma.leroy@email.com,0689480330,2022-09-20,True
1775,Simon,David,david.simon@email.com,0643826276,2022-05-25,True
1776,Bernard,Marc,marc.bernard@email.com,0617286249,2023-05-08,True
1777,Durand,Alice,alice.durand@email.com,0628112262,2023-10-29,False
1778,Lemoine,Emma,emma.lemoine@email.com,0690167891,2023-10-07,False
1779,Martin,Laura,laura.martin@email.com,0621292838,2023-04-21,True
1780,Morel,Jean,jean.morel@email.com,0630026917,2022-09-07,False
1781,Simon,Alice,alice.simon@email.com,0634528433,2024-02-02,True
1782,Bernard,Nicolas,nicolas.bernard@email.com,0641236646,2024-02-24,False
1783,Dupont,Sophie,sophie.dupont@email.com,0623897819,2023-10-26,True
1784,Durand,Laura,laura.durand@email.com,0664667328,2022-10-17,True
1785,Durand,David,david.durand@email.com,0626797488,2024-07-18,False
1786,Morel,Clara,clara.morel@email.com,0640478728,2024-01-15,True
1787,Morel,Clara,clara.morel@email.com,0690767917,2024-01-23,True
1788,Simon,Nicolas,nicolas.simon@email.com,0627314247,2022-08-29,True
1789,Leroy,Laura,laura.leroy@email.com,0657249565,2023-11-07,False
1790,Bernard,Clara,clara.bernard@email.com,0693950549,2023-01-14,True
1791,Simon,Paul,paul.simon@email.com,0618465701,2024-10-05,True
1792,Michel,Sophie,sophie.michel@email.com,0639800005,2024-11-03,True
1793,Dupont,Alice,alice.dupont@email.com,0610874928,2023-08-17,True
1794,Dupont,Alice,alice.dupont@email.com,0662589608,2022-08-08,False
1795,Bernard,Emma,emma.bernard@email.com,0641679043,2024-10-06,True
1796,Lemoine,Marc,marc.lemoine@email.com,0621432611,2023-04-24,False
1797,Leroy,Nicolas,nicolas.leroy@email.com,0636648187,2022-10-23,False
1798,Leroy,Nicolas,nicolas.leroy@email.com,0677925846,2024-01-25,False
1799,Simon,Laura,laura.simon@email.com,0695963665,2023-12-21,False
1800,Morel,Nicolas,nicolas.morel@email.com,0671040489,2024-01-03,True
1801,Durand,Nicolas,nicolas.durand@email.com,0637218568,2023-12-23,True
1802,Leroy,Jean,jean.leroy@email.com,0680354005,2022-09-14,False
1803,Roux,Nicolas,nicolas.roux@email.com,0643435132,2023-06-25,True
1804,Roux,Sophie,sophie.roux@email.com,0689556748,2023-10-09,True
1805,Roux,Sophie,sophie.roux@email.com,0611431869,2023-12-12,False
1806,Bernard,Paul,paul.bernard@email.com,0672490529,2022-12-06,True
1807,Bernard,Laura,laura.bernard@email.com,0699806841,2024-12-19,False
1808,Leroy,Marc,marc.leroy@email.com,0638905657,2024-06-24,True
1809,Durand,Marc,marc.durand@email.com,0615922100,2024-02-12,False
1810,Roux,David,david.roux@email.com,0653651434,2023-06-30,True
1811,Leroy,Jean,jean.leroy@email.com,0696908940,2024-09-08,True
1812,Martin,Sophie,sophie.martin@email.com,0610725078,2024-04-27,True
1813,Morel,David,david.morel@email.com,0676840205,2024-07-08,False
1814,Leroy,Laura,laura.leroy@email.com,0618485710,2023-11-22,True
1815,Lemoine,Emma,emma.lemoine@email.com,0641320446,2024-08-11,False
1816,Durand,David,david.durand@email.com,0655751483,2022-08-15,False
1817,Durand,Laura,laura.durand@email.com,0613612310,2024-05-20,True
1818,Michel,Laura,laura.michel@email.com,0639718642,2024-08-29,False
1819,Martin,Sophie,sophie.martin@email.com,0669698023,2024-06-25,True
1820,Michel,Alice,alice.michel@email.com,0667129383,2023-12-17,True
1821,Roux,Alice,alice.roux@email.com,0674130622,2024-02-03,False
1822,Morel,Clara,clara.morel@email.com,0661282269,2022-05-12,True
1823,Bernard,Jean,jean.bernard@email.com,0658116473,2024-01-20,False
1824,Martin,Jean,jean.martin@email.com,0697338153,2023-10-09,True
1825,Morel,Laura,laura.morel@email.com,0669218137,2024-10-16,True
1826,Lemoine,Clara,clara.lemoine@email.com,0627948764,2024-10-19,False
1827,Leroy,Nicolas,nicolas.leroy@email.com,0662256493,2024-08-03,True
1828,Simon,David,david.simon@email.com,0640728847,2023-04-20,True
1829,Dupont,Jean,jean.dupont@email.com,0630185539,2023-07-07,False
1830,Durand,Laura,laura.durand@email.com,0656412618,2024-11-06,False
1831,Martin,Clara,clara.martin@email.com,0619502914,2023-02-23,True
1832,Leroy,Paul,paul.leroy@email.com,0681651555,2022-12-30,False
1833,Morel,Sophie,sophie.morel@email.com,0664386117,2023-08-08,False
1834,Bernard,Sophie,sophie.bernard@email.com,0673196533,2023-05-18,True
1835,Dupont,Laura,laura.dupont@email.com,0628664440,2023-06-15,False
1836,Leroy,Paul,paul.leroy@email.com,0662867712,2024-09-15,False
1837,Martin,Marc,marc.martin@email.com,0644292835,2022-08-20,False
1838,Dupont,Alice,alice.dupont@email.com,0650025808,2023-04-23,True
1839,Roux,Marc,marc.roux@email.com,0695791892,2024-02-14,True
1840,Michel,Emma,emma.michel@email.com,0639545065,2022-12-15,True
1841,Michel,Nicolas,nicolas.michel@email.com,0695312655,2023-05-25,True
1842,Dupont,Jean,jean.dupont@email.com,0632085932,2024-12-31,True
1843,Leroy,Alice,alice.leroy@email.com,0670807873,2023-06-18,False
1844,Morel,Alice,alice.morel@email.com,0645618001,2022-06-03,True
1845,Bernard,Alice,alice.bernard@email.com,0643938211,2023-09-15,True
1846,Lemoine,Emma,emma.lemoine@email.com,0692154730,2022-05-25,False
1847,Michel,Emma,emma.michel@email.com,0615434424,2024-09-10,False
1848,Roux,David,david.roux@email.com,0628676715,2024-11-23,False
1849,Simon,Jean,jean.simon@email.com,0631114830,2022-10-17,True
1850,Leroy,David,david.leroy@email.com,0650693648,2022-10-04,False
1851,Leroy,David,david.leroy@email.com,0656644804,2024-08-03,True
1852,Lemoine,Marc,marc.lemoine@email.com,0636648209,2022-09-28,False
1853,Roux,Nicolas,nicolas.roux@email.com,0662603490,2024-11-06,False
1854,Morel,Laura,laura.morel@email.com,0678831258,2024-07-31,False
1855,Bernard,Emma,emma.bernard@email.com,0665018821,2023-05-09,False
1856,Leroy,Paul,paul.leroy@email.com,0663938513,2023-04-07,False
1857,Michel,Laura,laura.michel@email.com,0613656843,2023-10-08,False
1858,Lemoine,Paul,paul.lemoine@email.com,0662399229,2024-06-04,False
1859,Michel,Alice,alice.michel@email.com,0677681218,2024-01-21,True
1860,Durand,Sophie,sophie.durand@email.com,0647711501,2024-03-18,False
1861,Durand,David,david.durand@email.com,0682073076,2023-09-09,False
1862,Bernard,Marc,marc.bernard@email.com,0656894494,2023-11-12,True
1863,Martin,Nicolas,nicolas.martin@email.com,0688218499,2024-07-10,True
1864,Martin,Jean,jean.martin@email.com,0659862908,2023-04-21,False
1865,Durand,David,david.durand@email.com,0697361587,2024-12-29,False
1866,Bernard,Emma,emma.bernard@email.com,0638769510,2023-06-30,False
1867,Dupont,Emma,emma.dupont@email.com,0676325759,2022-06-05,True
1868,Durand,David,david.durand@email.com,0683276376,2024-12-24,True
1869,Michel,Laura,laura.michel@email.com,0673038541,2022-09-11,True
1870,Leroy,Emma,emma.leroy@email.com,0638919685,2023-04-26,False
1871,Durand,Paul,paul.durand@email.com,0686514464,2023-07-09,False
1872,Dupont,David,david.dupont@email.com,0613668582,2022-12-10,True
1873,Dupont,Sophie,sophie.dupont@email.com,0616359577,2023-04-27,True
1874,Michel,Nicolas,nicolas.michel@email.com,0637417633,2024-08-28,True
1875,Morel,Emma,emma.morel@email.com,0670536369,2024-01-29,False
1876,Leroy,Laura,laura.leroy@email.com,0695104573,2024-09-03,False
1877,Dupont,Emma,emma.dupont@email.com,0648332171,2023-03-29,True
1878,Simon,Alice,alice.simon@email.com,0680073824,2024-03-28,False
1879,Dupont,Marc,marc.dupont@email.com,0611759750,2024-01-11,False
1880,Leroy,Paul,paul.leroy@email.com,0659111910,2024-04-18,False
1881,Morel,Laura,laura.morel@email.com,0622437097,2022-10-03,True
1882,Durand,Emma,emma.durand@email.com,0624611551,2022-07-19,False
1883,Michel,David,david.michel@email.com,0672040407,2023-04-28,True
1884,Leroy,Marc,marc.leroy@email.com,0694308935,2023-05-21,True
1885,Morel,Laura,laura.morel@email.com,0676840429,2023-03-29,True
1886,Bernard,Nicolas,nicolas.bernard@email.com,0615431987,2022-10-31,False
1887,Morel,Alice,alice.morel@email.com,0653079635,2024-04-21,False
1888,Morel,Nicolas,nicolas.morel@email.com,0620214126,2023-04-30,False
1889,Simon,Nicolas,nicolas.simon@email.com,0624323798,2023-09-22,False
1890,Morel,Jean,jean.morel@email.com,0625080377,2024-02-17,True
1891,Leroy,Laura,laura.leroy@email.com,0693582685,2023-03-04,False
1892,Martin,Nicolas,nicolas.martin@email.com,0638051437,2024-07-11,True
1893,Durand,Emma,emma.durand@email.com,0640069273,2022-09-09,False
1894,Michel,Sophie,sophie.michel@email.com,0611899425,2023-12-11,True
1895,Michel,Nicolas,nicolas.michel@email.com,0675418522,2022-10-08,False
1896,Roux,Emma,emma.roux@email.com,0666518036,2023-05-09,False
1897,Simon,Sophie,sophie.simon@email.com,0680099716,2023-05-30,True
1898,Simon,Sophie,sophie.simon@email.com,0694336243,2024-04-28,True
1899,Dupont,Clara,clara.dupont@email.com,0622314096,2024-02-27,False
1900,Durand,Nicolas,nicolas.durand@email.com,0657942796,2024-01-17,True
1901,Durand,Jean,jean.durand@email.com,0683167120,2022-09-14,True
1902,Dupont,Nicolas,nicolas.dupont@email.com,0610352984,2023-01-09,False
1903,Lemoine,Nicolas,nicolas.lemoine@email.com,0670747229,2023-04-30,True
1904,Leroy,Alice,alice.leroy@email.com,0665054692,2024-12-14,True
1905,Michel,Nicolas,nicolas.michel@email.com,0697467853,2023-09-14,False
1906,Dupont,Sophie,sophie.dupont@email.com,0614167041,2024-12-29,False
1907,Morel,Laura,laura.morel@email.com,0661087959,2024-02-25,False
1908,Bernard,Paul,paul.bernard@email.com,0612510827,2023-06-13,False
1909,Michel,Marc,marc.michel@email.com,0639085913,2024-10-05,True
1910,Dupont,Laura,laura.dupont@email.com,0631726269,2022-07-15,False
1911,Simon,Alice,alice.simon@email.com,0664374974,2023-12-19,True
1912,Martin,David,david.martin@email.com,0687007256,2022-12-10,True
1913,Roux,Nicolas,nicolas.roux@email.com,0666623546,2024-11-05,True
1914,Simon,David,david.simon@email.com,0616461477,2023-02-14,True
1915,Durand,Laura,laura.durand@email.com,0694400266,2024-04-15,True
1916,Michel,Emma,emma.michel@email.com,0619807492,2023-01-19,False
1917,Bernard,Jean,jean.bernard@email.com,0626016748,2024-02-13,False
1918,Morel,Paul,paul.morel@email.com,0640003775,2022-08-27,False
1919,Durand,Clara,clara.durand@email.com,0658007608,2023-11-03,False
1920,Durand,Laura,laura.durand@email.com,0616456778,2024-01-01,True
1921,Simon,Alice,alice.simon@email.com,0688280579,2023-04-20,True
1922,Durand,David,david.durand@email.com,0633453579,2022-11-19,False
1923,Lemoine,Laura,laura.lemoine@email.com,0647985159,2024-03-09,True
1924,Dupont,Marc,marc.dupont@email.com,0677159952,2023-03-18,True
1925,Morel,Jean,jean.morel@email.com,0645258459,2023-11-14,False
1926,Leroy,Marc,marc.leroy@email.com,0686330575,2024-09-27,False
1927,Leroy,Sophie,sophie.leroy@email.com,0676654092,2023-12-29,False
1928,Bernard,Marc,marc.bernard@email.com,0661468972,2024-05-09,False
1929,Michel,Nicolas,nicolas.michel@email.com,0649003662,2022-09-30,False
1930,Martin,Emma,emma.martin@email.com,0695284048,2022-05-31,False
1931,Morel,Clara,clara.morel@email.com,0677883116,2023-01-24,True
1932,Simon,Marc,marc.simon@email.com,0666352676,2023-07-24,True
1933,Bernard,Alice,alice.bernard@email.com,0637147185,2022-05-30,True
1934,Lemoine,Emma,emma.lemoine@email.com,0636848850,2023-07-25,True
1935,Simon,Paul,paul.simon@email.com,0677109400,2024-07-23,True
1936,Simon,Alice,alice.simon@email.com,0670679987,2022-10-21,False
1937,Morel,Laura,laura.morel@email.com,0641011278,2022-07-16,False
1938,Bernard,Paul,paul.bernard@email.com,0671249563,2023-03-21,False
1939,Durand,Nicolas,nicolas.durand@email.com,0680224943,2022-06-11,False
1940,Dupont,Marc,marc.dupont@email.com,0631704296,2024-03-11,True
1941,Dupont,Nicolas,nicolas.dupont@email.com,0668752946,2024-06-04,False
1942,Roux,Sophie,sophie.roux@email.com,0666143795,2024-10-07,False
1943,Simon,Paul,paul.simon@email.com,0641470181,2023-06-07,False
1944,Simon,Paul,paul.simon@email.com,0696084165,2023-05-09,False
1945,Durand,Laura,laura.durand@email.com,0644067279,2023-07-17,True
1946,Michel,Sophie,sophie.michel@email.com,0683973270,2024-09-10,True
1947,Lemoine,Sophie,sophie.lemoine@email.com,0648882176,2023-07-14,False
1948,Martin,Jean,jean.martin@email.com,0657681795,2023-08-08,False
1949,Michel,Laura,laura.michel@email.com,0696586331,2024-02-10,True
1950,Leroy,Jean,jean.leroy@email.com,0673304134,2022-11-11,False
1951,Lemoine,Nicolas,nicolas.lemoine@email.com,0615113661,2023-08-06,False
1952,Lemoine,Laura,laura.lemoine@email.com,0661569264,2023-03-07,True
1953,Morel,Clara,clara.morel@email.com,0616944499,2022-10-25,False
1954,Simon,Laura,laura.simon@email.com,0694026970,2024-04-14,False
1955,Bernard,Paul,paul.bernard@email.com,0664050297,2023-01-23,True
1956,Leroy,David,david.leroy@email.com,0615050359,2024-12-22,True
1957,Morel,Sophie,sophie.morel@email.com,0660996092,2023-02-14,False
1958,Leroy,Jean,jean.leroy@email.com,0635262007,2024-09-08,False
1959,Leroy,Paul,paul.leroy@email.com,0611606752,2024-12-18,False
1960,Bernard,Clara,clara.bernard@email.com,0670206203,2023-10-25,False
1961,Simon,David,david.simon@email.com,0672836896,2023-10-25,True
1962,Roux,Emma,emma.roux@email.com,0683659618,2022-12-11,True
1963,Leroy,Jean,jean.leroy@email.com,0644299182,2024-09-05,False
1964,Simon,Clara,clara.simon@email.com,0633289683,2024-12-14,True
1965,Michel,David,david.michel@email.com,0635027605,2022-09-25,False
1966,Morel,Marc,marc.morel@email.com,0632383486,2023-12-27,False
1967,Dupont,David,david.dupont@email.com,0663488855,2022-08-25,True
1968,Dupont,Paul,paul.dupont@email.com,0627745004,2023-12-09,True
1969,Bernard,Marc,marc.bernard@email.com,0695904950,2024-02-15,False
1970,Michel,Alice,alice.michel@email.com,0657809557,2024-05-29,True
1971,Michel,Laura,laura.michel@email.com,0670287442,2022-10-11,True
1972,Roux,Sophie,sophie.roux@email.com,0636199363,2022-09-20,True
1973,Leroy,David,david.leroy@email.com,0698466092,2023-12-09,True
1974,Martin,Nicolas,nicolas.martin@email.com,0613898477,2023-02-22,False
1975,Bernard,Laura,laura.bernard@email.com,0686020603,2023-08-01,True
1976,Bernard,Alice,alice.bernard@email.com,0660112849,2024-01-18,False
1977,Martin,Emma,emma.martin@email.com,0659613711,2022-11-17,True
1978,Michel,Paul,paul.michel@email.com,0676572114,2022-05-23,True
1979,Martin,Paul,paul.martin@email.com,0618509984,2022-08-31,True
1980,Morel,Marc,marc.morel@email.com,0611462865,2024-08-11,True
1981,Michel,Laura,laura.michel@email.com,0657531043,2023-09-08,True
1982,Dupont,Alice,alice.dupont@email.com,0638530367,2023-12-28,True
1983,Simon,Alice,alice.simon@email.com,0654651562,2024-08-10,True
1984,Bernard,Nicolas,nicolas.bernard@email.com,0689201451,2023-12-23,False
1985,Michel,Jean,jean.michel@email.com,0674469740,2023-12-12,False
1986,Bernard,Marc,marc.bernard@email.com,0633722556,2024-01-10,True
1987,Morel,Jean,jean.morel@email.com,0624143480,2022-11-10,True
1988,Simon,Sophie,sophie.simon@email.com,0624889686,2022-11-23,True
1989,Dupont,Jean,jean.dupont@email.com,0646384609,2022-10-29,False
1990,Dupont,Sophie,sophie.dupont@email.com,0673479261,2023-01-10,True
1991,Durand,Paul,paul.durand@email.com,0635215900,2024-01-18,True
1992,Dupont,Jean,jean.dupont@email.com,0623729457,2024-02-08,False
1993,Dupont,Emma,emma.dupont@email.com,0672495116,2023-01-24,False
1994,Lemoine,Jean,jean.lemoine@email.com,0623886855,2024-08-29,True
1995,Michel,Sophie,sophie.michel@email.com,0696460208,2023-07-01,False
1996,Durand,Nicolas,nicolas.durand@email.com,0692584845,2023-04-23,False
1997,Lemoine,Sophie,sophie.lemoine@email.com,0633958505,2024-07-01,False
1998,Michel,Laura,laura.michel@email.com,0651074712,2023-01-20,True
1999,Leroy,Sophie,sophie.leroy@email.com,0692842481,2023-08-09,False
